{
    "name": "root",
    "metadata": {
        "timer_format_version": "0.1.0",
        "start_time_seconds": "1744715056",
        "python_version": "3.9.13 (tags/v3.9.13:6de2ca5, May 17 2022, 16:36:42) [MSC v.1929 64 bit (AMD64)]",
        "command_line_arguments": "C:\\Users\\danij\\Desktop\\UNIVERSIDAD\\TFG\\PruebaSeria\\venv\\Scripts\\mlagents-learn .\\config\\configPrueba.yaml --run-id=PrimerIntentoNivel5_Continuacion3 --resume",
        "mlagents_version": "0.30.0",
        "mlagents_envs_version": "0.30.0",
        "communication_protocol_version": "1.5.0",
        "pytorch_version": "2.4.1+cpu",
        "numpy_version": "1.21.2",
        "end_time_seconds": "1744715087"
    },
    "total": 31.207975499999996,
    "count": 1,
    "self": 0.004279499999991998,
    "children": {
        "run_training.setup": {
            "total": 0.1335831999999999,
            "count": 1,
            "self": 0.1335831999999999
        },
        "TrainerController.start_learning": {
            "total": 31.070112800000004,
            "count": 1,
            "self": 0.003731800000014829,
            "children": {
                "TrainerController._reset_env": {
                    "total": 6.6202608,
                    "count": 1,
                    "self": 6.6202608
                },
                "TrainerController.advance": {
                    "total": 24.380467499999995,
                    "count": 144,
                    "self": 0.0030896999999932007,
                    "children": {
                        "env_step": {
                            "total": 24.25382800000001,
                            "count": 144,
                            "self": 24.1385644,
                            "children": {
                                "SubprocessEnvManager._take_step": {
                                    "total": 0.11335450000000513,
                                    "count": 144,
                                    "self": 0.008213600000006593,
                                    "children": {
                                        "TorchPolicy.evaluate": {
                                            "total": 0.10514089999999854,
                                            "count": 121,
                                            "self": 0.10514089999999854
                                        }
                                    }
                                },
                                "workers": {
                                    "total": 0.0019091000000042158,
                                    "count": 143,
                                    "self": 0.0,
                                    "children": {
                                        "worker_root": {
                                            "total": 5.077740199999994,
                                            "count": 143,
                                            "is_parallel": true,
                                            "self": 1.1872367000000006,
                                            "children": {
                                                "steps_from_proto": {
                                                    "total": 0.0013861000000003898,
                                                    "count": 1,
                                                    "is_parallel": true,
                                                    "self": 0.00012090000000064549,
                                                    "children": {
                                                        "_process_rank_one_or_two_observation": {
                                                            "total": 0.0012651999999997443,
                                                            "count": 6,
                                                            "is_parallel": true,
                                                            "self": 0.0012651999999997443
                                                        }
                                                    }
                                                },
                                                "UnityEnvironment.step": {
                                                    "total": 3.889117399999993,
                                                    "count": 143,
                                                    "is_parallel": true,
                                                    "self": 0.08461200000000346,
                                                    "children": {
                                                        "UnityEnvironment._generate_step_input": {
                                                            "total": 0.03613940000000415,
                                                            "count": 143,
                                                            "is_parallel": true,
                                                            "self": 0.03613940000000415
                                                        },
                                                        "communicator.exchange": {
                                                            "total": 3.5632121999999926,
                                                            "count": 143,
                                                            "is_parallel": true,
                                                            "self": 3.5632121999999926
                                                        },
                                                        "steps_from_proto": {
                                                            "total": 0.20515379999999261,
                                                            "count": 143,
                                                            "is_parallel": true,
                                                            "self": 0.019482600000010564,
                                                            "children": {
                                                                "_process_rank_one_or_two_observation": {
                                                                    "total": 0.18567119999998205,
                                                                    "count": 858,
                                                                    "is_parallel": true,
                                                                    "self": 0.18567119999998205
                                                                }
                                                            }
                                                        }
                                                    }
                                                }
                                            }
                                        }
                                    }
                                }
                            }
                        },
                        "trainer_advance": {
                            "total": 0.12354979999999216,
                            "count": 143,
                            "self": 0.004219100000003806,
                            "children": {
                                "process_trajectory": {
                                    "total": 0.11933069999998835,
                                    "count": 143,
                                    "self": 0.11933069999998835
                                }
                            }
                        }
                    }
                },
                "trainer_threads": {
                    "total": 8.99999996306633e-07,
                    "count": 1,
                    "self": 8.99999996306633e-07
                },
                "TrainerController._save_models": {
                    "total": 0.0656517999999977,
                    "count": 1,
                    "self": 0.01125709999999458,