{"count":1,"self":194.7284992,"total":196.05001239999999,"children":{"InitializeActuators":{"count":1,"self":0.0020353999999999997,"total":0.0020353999999999997,"children":null},"InitializeSensors":{"count":1,"self":0.0039688,"total":0.0039688,"children":null},"AgentSendState":{"count":9526,"self":0.1794951,"total":0.2011164,"children":{"CollectObservations":{"count":953,"self":0.0009995,"total":0.0009995,"children":null},"WriteActionMask":{"count":953,"self":0.00050769999999999993,"total":0.00050769999999999993,"children":null},"RequestDecision":{"count":953,"self":0.0201141,"total":0.0201141,"children":null}}},"DecideAction":{"count":9526,"self":0.91067029999999993,"total":0.92299939999999991,"children":{"RayPerceptionSensor.Perceive":{"count":2859,"self":0.012329099999999999,"total":0.012329099999999999,"children":null}}},"AgentAct":{"count":9526,"self":0.19139599999999998,"total":0.19139599999999998,"children":null}},"gauges":{"Comportamiento1.CumulativeReward":{"count":10,"max":8.01771,"min":-0.860045433,"runningAverage":5.29336929,"value":-0.860045433,"weightedAverage":4.27242565}},"metadata":{"timer_format_version":"0.1.0","start_time_seconds":"1748879525","unity_version":"2022.3.48f1","command_line_arguments":"C:\\Program Files\\Unity\\Hub\\Editor\\2022.3.48f1\\Editor\\Unity.exe -projectpath C:\\Users\\danij\\Desktop\\UNIVERSIDAD\\TFG\\v5.0_nivel5listo -useHub -hubIPC -cloudEnvironment production -licensingIpc LicenseClient-danij -hubSessionId 07cbe836-b359-41c1-a194-78449aec6869 -accessToken iuR5pTqwf_FUgabG8hjW1NnE1nKbNctyXvndbLabsoc001f","communication_protocol_version":"1.5.0","com.unity.ml-agents_version":"2.0.1","scene_name":"SampleScene","end_time_seconds":"1748879721"}}