{
    "name": "root",
    "gauges": {
        "Comportamiento1.Policy.Entropy.mean": {
            "value": 1.3845345973968506,
            "min": 1.3845345973968506,
            "max": 1.4239885807037354,
            "count": 24
        },
        "Comportamiento1.Policy.Entropy.sum": {
            "value": 13752.58203125,
            "min": 13752.58203125,
            "max": 15047.8408203125,
            "count": 24
        },
        "Comportamiento1.Environment.EpisodeLength.mean": {
            "value": 73.14814814814815,
            "min": 73.14814814814815,
            "max": 95.29906542056075,
            "count": 24
        },
        "Comportamiento1.Environment.EpisodeLength.sum": {
            "value": 9875.0,
            "min": 9214.0,
            "max": 10330.0,
            "count": 24
        },
        "Comportamiento1.Step.mean": {
            "value": 239958.0,
            "min": 9997.0,
            "max": 239958.0,
            "count": 24
        },
        "Comportamiento1.Step.sum": {
            "value": 239958.0,
            "min": 9997.0,
            "max": 239958.0,
            "count": 24
        },
        "Comportamiento1.Policy.ExtrinsicValueEstimate.mean": {
            "value": 5.747759819030762,
            "min": -0.20110434293746948,
            "max": 5.747759819030762,
            "count": 24
        },
        "Comportamiento1.Policy.ExtrinsicValueEstimate.sum": {
            "value": 1281.75048828125,
            "min": -40.824180603027344,
            "max": 1281.75048828125,
            "count": 24
        },
        "Comportamiento1.Environment.CumulativeReward.mean": {
            "value": 12.433686069785445,
            "min": -0.1750212761371032,
            "max": 12.433686069785445,
            "count": 24
        },
        "Comportamiento1.Environment.CumulativeReward.sum": {
            "value": 1678.547619421035,
            "min": -20.12744675576687,
            "max": 1678.547619421035,
            "count": 24
        },
        "Comportamiento1.Policy.ExtrinsicReward.mean": {
            "value": 12.433686069785445,
            "min": -0.1750212761371032,
            "max": 12.433686069785445,
            "count": 24
        },
        "Comportamiento1.Policy.ExtrinsicReward.sum": {
            "value": 1678.547619421035,
            "min": -20.12744675576687,
            "max": 1678.547619421035,
            "count": 24
        },
        "Comportamiento1.IsTraining.mean": {
            "value": 1.0,
            "min": 1.0,
            "max": 1.0,
            "count": 24
        },
        "Comportamiento1.IsTraining.sum": {
            "value": 1.0,
            "min": 1.0,
            "max": 1.0,
            "count": 24
        },
        "Comportamiento1.Losses.PolicyLoss.mean": {
            "value": 0.02743478213669732,
            "min": 0.016539413497472802,
            "max": 0.03055638382793404,
            "count": 23
        },
        "Comportamiento1.Losses.PolicyLoss.sum": {
            "value": 0.02743478213669732,
            "min": 0.016539413497472802,
            "max": 0.03055638382793404,
            "count": 23
        },
        "Comportamiento1.Losses.ValueLoss.mean": {
            "value": 4.7519056558609005,
            "min": 0.5335160126288732,
            "max": 5.460392045974731,
            "count": 23
        },
        "Comportamiento1.Losses.ValueLoss.sum": {
            "value": 4.7519056558609005,
            "min": 0.5335160126288732,
            "max": 5.460392045974731,
            "count": 23
        },
        "Comportamiento1.Policy.LearningRate.mean": {
            "value": 0.00022915412361529998,
            "min": 0.00022915412361529998,
            "max": 0.0002969136010288,
            "count": 23
        },
        "Comportamiento1.Policy.LearningRate.sum": {
            "value": 0.00022915412361529998,
            "min": 0.00022915412361529998,
            "max": 0.0002969136010288,
            "count": 23
        },
        "Comportamiento1.Policy.Epsilon.mean": {
            "value": 0.17638469999999995,
            "min": 0.17638469999999995,
            "max": 0.1989712,
            "count": 23
        },
        "Comportamiento1.Policy.Epsilon.sum": {
            "value": 0.17638469999999995,
            "min": 0.17638469999999995,
            "max": 0.1989712,
            "count": 23
        },
        "Comportamiento1.Policy.Beta.mean": {
            "value": 0.0038215965299999996,
            "min": 0.0038215965299999996,
            "max": 0.004948662880000001,
            "count": 23
        },
        "Comportamiento1.Policy.Beta.sum": {
            "value": 0.0038215965299999996,
            "min": 0.0038215965299999996,
            "max": 0.004948662880000001,
            "count": 23
        }
    },
    "metadata": {
        "timer_format_version": "0.1.0",
        "start_time_seconds": "1744804377",
        "python_version": "3.9.13 (tags/v3.9.13:6de2ca5, May 17 2022, 16:36:42) [MSC v.1929 64 bit (AMD64)]",
        "command_line_arguments": "C:\\Users\\danij\\Desktop\\UNIVERSIDAD\\TFG\\PruebaSeria\\venv\\Scripts\\mlagents-learn .\\config\\configPrueba.yaml --run-id=AgenteNormal_Nivel1",
        "mlagents_version": "0.30.0",
        "mlagents_envs_version": "0.30.0",
        "communication_protocol_version": "1.5.0",
        "pytorch_version": "2.4.1+cpu",
        "numpy_version": "1.21.2",
        "end_time_seconds": "1744804795"
    },
    "total": 418.36445660000004,
    "count": 1,
    "self": 0.00718370000009827,
    "children": {
        "run_training.setup": {
            "total": 0.20400669999999987,
            "count": 1,
            "self": 0.20400669999999987
        },
        "TrainerController.start_learning": {
            "total": 418.15326619999996,
            "count": 1,
            "self": 0.34620039999964547,
            "children": {
                "TrainerController._reset_env": {
                    "total": 9.9591167,
                    "count": 1,
                    "self": 9.9591167
                },
                "TrainerController.advance": {
                    "total": 407.7461622000003,
                    "count": 14028,
                    "self": 0.3181983999984368,
                    "children": {
                        "env_step": {
                            "total": 336.3334045000026,
                            "count": 14028,
                            "self": 325.22834650000067,
                            "children": {
                                "SubprocessEnvManager._take_step": {
                                    "total": 10.885763499999054,
                                    "count": 14028,
                                    "self": 0.8211209999975715,
                                    "children": {
                                        "TorchPolicy.evaluate": {
                                            "total": 10.064642500001483,
                                            "count": 11512,
                                            "self": 10.064642500001483
                                        }
                                    }
                                },
                                "workers": {
                                    "total": 0.2192945000028832,
                                    "count": 14027,
                                    "self": 0.0,
                                    "children": {
                                        "worker_root": {
                                            "total": 401.0231574999997,
                                            "count": 14027,
                                            "is_parallel": true,
                                            "self": 106.53782879999778,
                                            "children": {
                                                "steps_from_proto": {
                                                    "total": 0.0026007999999997367,